{"cameraMode":{"drawMode":0,"name":"Shaded","section":"Shading Mode"},"sceneLighting":true,"audioPlay":false,"sceneViewState":{"m_AlwaysRefresh":false,"showFog":true,"showSkybox":true,"showFlares":true,"showImageEffects":true,"showParticleSystems":true,"showVisualEffectGraphs":true,"m_FxEnabled":true},"in2DMode":false,"pivot":{"x":2.852323055267334,"y":0.43843263387680056,"z":7.953859806060791},"rotation":{"x":0.18496136367321015,"y":-0.6942411065101624,"z":0.19265365600585938,"w":0.6685802340507507},"size":1.4749112129211426,"orthographic":false}